{"cameraMode":{"drawMode":0,"name":"Shaded","section":"Shading Mode"},"sceneLighting":false,"audioPlay":false,"sceneViewState":{"showFog":true,"showMaterialUpdate":false,"showSkybox":false,"showFlares":true,"showImageEffects":true,"showParticleSystems":true,"showVisualEffectGraphs":true,"m_FxEnabled":true},"in2DMode":false,"pivot":{"x":0.6758441925048828,"y":1.5089759826660157,"z":2.109506607055664},"rotation":{"x":-0.030044792219996454,"y":0.9698357582092285,"z":-0.17887894809246064,"w":-0.16268254816532136},"size":0.8326013088226318,"orthographic":false}