{"cameraMode":{"drawMode":0,"name":"Shaded","section":"Shading Mode"},"sceneLighting":false,"audioPlay":false,"sceneViewState":{"showFog":true,"showMaterialUpdate":false,"showSkybox":false,"showFlares":true,"showImageEffects":true,"showParticleSystems":true,"showVisualEffectGraphs":true,"m_FxEnabled":true},"in2DMode":false,"pivot":{"x":0.36586037278175356,"y":-24.699710845947267,"z":9.995610237121582},"rotation":{"x":-0.4107936918735504,"y":-0.06526083499193192,"z":0.029556505382061006,"w":-0.9088825583457947},"size":28.417644500732423,"orthographic":false}