{"cameraMode":{"drawMode":0,"name":"Shaded","section":"Shading Mode"},"sceneLighting":false,"audioPlay":false,"sceneViewState":{"showFog":true,"showMaterialUpdate":false,"showSkybox":false,"showFlares":true,"showImageEffects":true,"showParticleSystems":true,"showVisualEffectGraphs":true,"m_FxEnabled":true},"in2DMode":false,"pivot":{"x":-10.149787902832032,"y":0.9037143588066101,"z":-0.7910535931587219},"rotation":{"x":-0.061297833919525149,"y":0.7621822953224182,"z":-0.07290814816951752,"w":-0.6402870416641235},"size":1.6737276315689088,"orthographic":false}