{"cameraMode":{"drawMode":0,"name":"Shaded","section":"Shading Mode"},"sceneLighting":false,"audioPlay":false,"sceneViewState":{"showFog":true,"showMaterialUpdate":false,"showSkybox":false,"showFlares":true,"showImageEffects":true,"showParticleSystems":true,"showVisualEffectGraphs":true,"m_FxEnabled":true},"in2DMode":false,"pivot":{"x":-9.767794609069825,"y":4.786725044250488,"z":70.37218475341797},"rotation":{"x":0.002941765356808901,"y":-0.20108149945735932,"z":0.0005605489131994546,"w":0.9795328378677368},"size":61.25882339477539,"orthographic":false}