{"cameraMode":{"drawMode":0,"name":"Shaded","section":"Shading Mode"},"sceneLighting":false,"audioPlay":false,"sceneViewState":{"showFog":true,"showMaterialUpdate":false,"showSkybox":false,"showFlares":true,"showImageEffects":true,"showParticleSystems":true,"showVisualEffectGraphs":true,"m_FxEnabled":true},"in2DMode":false,"pivot":{"x":-33.304962158203128,"y":-15.059507369995118,"z":14.65075397491455},"rotation":{"x":-0.13955450057983399,"y":0.34132498502731326,"z":-0.052713003009557727,"w":-0.9279216527938843},"size":30.029964447021486,"orthographic":false}