{"cameraMode":{"drawMode":0,"name":"Shaded","section":"Shading Mode"},"sceneLighting":true,"audioPlay":false,"sceneViewState":{"showFog":true,"showMaterialUpdate":false,"showSkybox":true,"showFlares":true,"showImageEffects":true,"showParticleSystems":true,"showVisualEffectGraphs":true,"m_FxEnabled":true},"in2DMode":false,"pivot":{"x":-0.46698296070098879,"y":0.9785251617431641,"z":2.5456371307373049},"rotation":{"x":0.09028749912977219,"y":0.15661858022212983,"z":-0.014084948226809502,"w":0.9835368990898132},"size":3.624870777130127,"orthographic":false}