{"cameraMode":{"drawMode":0,"name":"Shaded","section":"Shading Mode"},"sceneLighting":false,"audioPlay":false,"sceneViewState":{"showFog":true,"showMaterialUpdate":false,"showSkybox":false,"showFlares":true,"showImageEffects":true,"showParticleSystems":true,"showVisualEffectGraphs":true,"m_FxEnabled":true},"in2DMode":false,"pivot":{"x":55.37745666503906,"y":-13.364925384521485,"z":-31.419147491455079},"rotation":{"x":0.0017754521686583758,"y":0.9798458218574524,"z":-0.19964705407619477,"w":0.008839490823447705},"size":58.73166275024414,"orthographic":false}