{"cameraMode":{"drawMode":0,"name":"Shaded","section":"Shading Mode"},"sceneLighting":false,"audioPlay":false,"sceneViewState":{"showFog":true,"showMaterialUpdate":false,"showSkybox":false,"showFlares":true,"showImageEffects":true,"showParticleSystems":true,"showVisualEffectGraphs":true,"m_FxEnabled":true},"in2DMode":false,"pivot":{"x":-1.4143316745758057,"y":-1.5309256315231324,"z":29.052400588989259},"rotation":{"x":-0.21891361474990846,"y":0.21451352536678315,"z":-0.049880027770996097,"w":-0.9503905177116394},"size":9.080280303955079,"orthographic":false}