{"cameraMode":{"drawMode":0,"name":"Shaded","section":"Shading Mode"},"sceneLighting":false,"audioPlay":false,"sceneViewState":{"showFog":true,"showMaterialUpdate":false,"showSkybox":false,"showFlares":true,"showImageEffects":true,"showParticleSystems":true,"showVisualEffectGraphs":true,"m_FxEnabled":true},"in2DMode":false,"pivot":{"x":29.907569885253908,"y":-110.61011505126953,"z":469.0758972167969},"rotation":{"x":0.29241183400154116,"y":-0.1251842975616455,"z":0.038529254496097568,"w":0.9472529888153076},"size":3.6000118255615236,"orthographic":false}