{"cameraMode":{"drawMode":0,"name":"Shaded","section":"Shading Mode"},"sceneLighting":false,"audioPlay":false,"sceneViewState":{"showFog":true,"showMaterialUpdate":false,"showSkybox":false,"showFlares":true,"showImageEffects":true,"showParticleSystems":true,"showVisualEffectGraphs":true,"m_FxEnabled":true},"in2DMode":false,"pivot":{"x":-1.4108734130859376,"y":-0.28136253356933596,"z":-0.7067456841468811},"rotation":{"x":-0.09841541200876236,"y":0.7265735864639282,"z":-0.10646825283765793,"w":-0.6716026067733765},"size":1.3286900520324708,"orthographic":false}