{"cameraMode":{"drawMode":0,"name":"Shaded","section":"Shading Mode"},"sceneLighting":false,"audioPlay":false,"sceneViewState":{"showFog":true,"showMaterialUpdate":false,"showSkybox":false,"showFlares":true,"showImageEffects":true,"showParticleSystems":true,"showVisualEffectGraphs":true,"m_FxEnabled":true},"in2DMode":false,"pivot":{"x":-0.5123151540756226,"y":0.0823599100112915,"z":0.04692970588803291},"rotation":{"x":-0.027564220130443574,"y":0.9688935279846191,"z":-0.12656433880329133,"w":-0.2107701450586319},"size":1.9097938537597657,"orthographic":false}