{"cameraMode":{"drawMode":0,"name":"Shaded","section":"Shading Mode"},"sceneLighting":false,"audioPlay":false,"sceneViewState":{"showFog":true,"showMaterialUpdate":false,"showSkybox":false,"showFlares":true,"showImageEffects":true,"showParticleSystems":true,"showVisualEffectGraphs":true,"m_FxEnabled":true},"in2DMode":false,"pivot":{"x":-14.914557456970215,"y":0.5948314666748047,"z":18.18886947631836},"rotation":{"x":-0.22738401591777802,"y":0.029201414436101915,"z":-0.006837235763669014,"w":-0.9733242392539978},"size":21.05545997619629,"orthographic":false}