{"cameraMode":{"drawMode":0,"name":"Shaded","section":"Shading Mode"},"sceneLighting":false,"audioPlay":false,"sceneViewState":{"showFog":true,"showMaterialUpdate":false,"showSkybox":false,"showFlares":true,"showImageEffects":true,"showParticleSystems":true,"showVisualEffectGraphs":true,"m_FxEnabled":true},"in2DMode":false,"pivot":{"x":-17.49794578552246,"y":8.477447509765625,"z":-2.7953548431396486},"rotation":{"x":0.417303204536438,"y":-0.0029509328305721285,"z":0.0014059396926313639,"w":0.9086947441101074},"size":17.865049362182618,"orthographic":false}