{"cameraMode":{"drawMode":0,"name":"Shaded","section":"Shading Mode"},"sceneLighting":false,"audioPlay":false,"sceneViewState":{"showFog":true,"showMaterialUpdate":false,"showSkybox":false,"showFlares":true,"showImageEffects":true,"showParticleSystems":true,"showVisualEffectGraphs":true,"m_FxEnabled":true},"in2DMode":false,"pivot":{"x":-1.425641417503357,"y":-101.52359008789063,"z":104.3322525024414},"rotation":{"x":-0.4008786678314209,"y":-0.0005022523691877723,"z":0.00033632954000495374,"w":-0.916060209274292},"size":91.97988891601563,"orthographic":false}