{"cameraMode":{"drawMode":0,"name":"Shaded","section":"Shading Mode"},"sceneLighting":false,"audioPlay":false,"sceneViewState":{"showFog":true,"showMaterialUpdate":false,"showSkybox":false,"showFlares":true,"showImageEffects":true,"showParticleSystems":true,"showVisualEffectGraphs":true,"m_FxEnabled":true},"in2DMode":false,"pivot":{"x":-1.428978443145752,"y":-0.06460866332054138,"z":0.5265114903450012},"rotation":{"x":0.015396198257803917,"y":-0.7290331125259399,"z":0.01640479639172554,"w":0.6840990781784058},"size":1.3780491352081299,"orthographic":true}