{"cameraMode":{"drawMode":0,"name":"Shaded","section":"Shading Mode"},"sceneLighting":false,"audioPlay":false,"sceneViewState":{"showFog":true,"showMaterialUpdate":false,"showSkybox":false,"showFlares":true,"showImageEffects":true,"showParticleSystems":true,"showVisualEffectGraphs":true,"m_FxEnabled":true},"in2DMode":false,"pivot":{"x":1.2424893379211426,"y":0.05000009387731552,"z":1.5396736860275269},"rotation":{"x":0.026278605684638025,"y":-0.647404670715332,"z":0.022342871874570848,"w":0.7613577246665955},"size":1.3780491352081299,"orthographic":true}