{"cameraMode":{"drawMode":0,"name":"Shaded","section":"Shading Mode"},"sceneLighting":false,"audioPlay":false,"sceneViewState":{"showFog":true,"showMaterialUpdate":false,"showSkybox":false,"showFlares":true,"showImageEffects":true,"showParticleSystems":true,"showVisualEffectGraphs":true,"m_FxEnabled":true},"in2DMode":false,"pivot":{"x":-1.6404982805252076,"y":0.29467228055000307,"z":-1.070300817489624},"rotation":{"x":-0.08863121271133423,"y":-0.6252487301826477,"z":0.07179626822471619,"w":-0.7720550894737244},"size":0.15638500452041627,"orthographic":false}