{"cameraMode":{"drawMode":0,"name":"Shaded","section":"Shading Mode"},"sceneLighting":false,"audioPlay":false,"sceneViewState":{"showFog":true,"showMaterialUpdate":false,"showSkybox":false,"showFlares":true,"showImageEffects":true,"showParticleSystems":true,"showVisualEffectGraphs":true,"m_FxEnabled":true},"in2DMode":false,"pivot":{"x":-0.03804994374513626,"y":0.3931301534175873,"z":0.6141518950462341},"rotation":{"x":-0.020810868591070176,"y":0.9754617810249329,"z":-0.192049041390419,"w":-0.10545886307954788},"size":1.7037434577941895,"orthographic":false}