{"cameraMode":{"drawMode":0,"name":"Shaded","section":"Shading Mode"},"sceneLighting":true,"audioPlay":false,"sceneViewState":{"showFog":true,"showMaterialUpdate":false,"showSkybox":false,"showFlares":true,"showImageEffects":true,"showParticleSystems":true,"showVisualEffectGraphs":true,"m_FxEnabled":true},"in2DMode":false,"pivot":{"x":-0.35315144062042239,"y":-0.2948758900165558,"z":0.6242607235908508},"rotation":{"x":0.030856672674417497,"y":-0.9632166028022766,"z":0.12641844153404237,"w":0.23509901762008668},"size":2.486668586730957,"orthographic":true}