{"cameraMode":{"drawMode":0,"name":"Shaded","section":"Shading Mode"},"sceneLighting":false,"audioPlay":false,"sceneViewState":{"showFog":true,"showMaterialUpdate":false,"showSkybox":false,"showFlares":true,"showImageEffects":true,"showParticleSystems":true,"showVisualEffectGraphs":true,"m_FxEnabled":true},"in2DMode":false,"pivot":{"x":1.1456456184387208,"y":2.3056719303131105,"z":1.7454698085784913},"rotation":{"x":-0.051567185670137408,"y":0.9484066367149353,"z":-0.21645784378051759,"w":-0.22576479613780976},"size":0.6247447729110718,"orthographic":false}