{"cameraMode":{"drawMode":0,"name":"Shaded","section":"Shading Mode"},"sceneLighting":false,"audioPlay":false,"sceneViewState":{"showFog":true,"showMaterialUpdate":false,"showSkybox":false,"showFlares":true,"showImageEffects":true,"showParticleSystems":true,"showVisualEffectGraphs":true,"m_FxEnabled":true},"in2DMode":false,"pivot":{"x":11.567389488220215,"y":0.5350229740142822,"z":4.448962211608887},"rotation":{"x":0.002193697728216648,"y":-0.7531794309616089,"z":0.0024787909351289274,"w":0.6578242182731628},"size":1.2247449159622193,"orthographic":false}