{"cameraMode":{"drawMode":0,"name":"Shaded","section":"Shading Mode"},"sceneLighting":false,"audioPlay":false,"sceneViewState":{"showFog":true,"showMaterialUpdate":false,"showSkybox":false,"showFlares":true,"showImageEffects":true,"showParticleSystems":true,"showVisualEffectGraphs":true,"m_FxEnabled":true},"in2DMode":false,"pivot":{"x":11.424077033996582,"y":0.9463505148887634,"z":2.6406214237213136},"rotation":{"x":-0.06298844516277313,"y":-0.9308856129646301,"z":0.30365127325057986,"w":-0.19314563274383546},"size":1.2247449159622193,"orthographic":false}