{"cameraMode":{"drawMode":0,"name":"Shaded","section":"Shading Mode"},"sceneLighting":false,"audioPlay":false,"sceneViewState":{"showFog":true,"showMaterialUpdate":false,"showSkybox":false,"showFlares":true,"showImageEffects":true,"showParticleSystems":true,"showVisualEffectGraphs":true,"m_FxEnabled":true},"in2DMode":false,"pivot":{"x":10.481293678283692,"y":1.6177825927734376,"z":2.7863359451293947},"rotation":{"x":0.17346110939979554,"y":-0.6816323399543762,"z":0.17136022448539735,"w":0.6898879408836365},"size":1.2247449159622193,"orthographic":false}