{"cameraMode":{"drawMode":0,"name":"Shaded","section":"Shading Mode"},"sceneLighting":true,"audioPlay":false,"sceneViewState":{"showFog":true,"showMaterialUpdate":false,"showSkybox":true,"showFlares":true,"showImageEffects":true,"showParticleSystems":true,"showVisualEffectGraphs":true,"m_FxEnabled":true},"in2DMode":false,"pivot":{"x":-7.288311004638672,"y":-10.557476043701172,"z":-5.834329605102539},"rotation":{"x":0.49410662055015566,"y":-0.043016258627176288,"z":0.024527540430426599,"w":0.8680078387260437},"size":27.51272964477539,"orthographic":false}