{"cameraMode":{"drawMode":0,"name":"Shaded","section":"Shading Mode"},"sceneLighting":false,"audioPlay":false,"sceneViewState":{"showFog":true,"showMaterialUpdate":false,"showSkybox":false,"showFlares":true,"showImageEffects":true,"showParticleSystems":true,"showVisualEffectGraphs":true,"m_FxEnabled":true},"in2DMode":false,"pivot":{"x":29.929367065429689,"y":-119.0400619506836,"z":474.61224365234377},"rotation":{"x":-0.23711161315441132,"y":0.004956773016601801,"z":-0.0011713894782587886,"w":-0.9714508056640625},"size":13.795098304748536,"orthographic":false}