{"cameraMode":{"drawMode":0,"name":"Shaded","section":"Shading Mode"},"sceneLighting":true,"audioPlay":false,"sceneViewState":{"showFog":true,"showMaterialUpdate":false,"showSkybox":false,"showFlares":true,"showImageEffects":true,"showParticleSystems":true,"showVisualEffectGraphs":true,"m_FxEnabled":true},"in2DMode":false,"pivot":{"x":0.2446690797805786,"y":1.461110234260559,"z":2.4048428535461427},"rotation":{"x":0.004121440928429365,"y":0.8959449529647827,"z":-0.008348699659109116,"w":0.4440854489803314},"size":1.3267948627471924,"orthographic":false}