{"cameraMode":{"drawMode":0,"name":"Shaded","section":"Shading Mode"},"sceneLighting":true,"audioPlay":false,"sceneViewState":{"showFog":true,"showMaterialUpdate":false,"showSkybox":false,"showFlares":true,"showImageEffects":true,"showParticleSystems":true,"showVisualEffectGraphs":true,"m_FxEnabled":true},"in2DMode":false,"pivot":{"x":3.3035881519317629,"y":1.9284662008285523,"z":2.1521048545837404},"rotation":{"x":0.0887238085269928,"y":-0.8185401558876038,"z":0.13150779902935029,"w":0.5521219372749329},"size":0.17320510745048524,"orthographic":false}