{"cameraMode":{"drawMode":0,"name":"Shaded","section":"Shading Mode"},"sceneLighting":false,"audioPlay":false,"sceneViewState":{"showFog":true,"showMaterialUpdate":false,"showSkybox":false,"showFlares":true,"showImageEffects":true,"showParticleSystems":true,"showVisualEffectGraphs":true,"m_FxEnabled":true},"in2DMode":false,"pivot":{"x":1.2929788827896119,"y":13.01441478729248,"z":-4.539724349975586},"rotation":{"x":0.32268431782722475,"y":0.006489520892500877,"z":0.0031059079337865116,"w":0.9463775157928467},"size":12.117453575134278,"orthographic":false}